{"cameraMode":{"drawMode":0,"name":"Shaded","section":"Shading Mode"},"sceneLighting":false,"audioPlay":false,"sceneViewState":{"m_AlwaysRefresh":false,"showFog":true,"showSkybox":false,"showFlares":true,"showImageEffects":true,"showParticleSystems":true,"showVisualEffectGraphs":true,"m_FxEnabled":true},"in2DMode":false,"pivot":{"x":-0.020265579223632814,"y":-147.7731170654297,"z":0.04311561584472656},"rotation":{"x":-0.20508243143558503,"y":0.347883015871048,"z":-0.07827059924602509,"w":-0.9114969968795776},"size":153.30838012695313,"orthographic":false}